id,text
0,narcisism jaemin 1st photo exhibition  june 2024 hanam check various news related narcisism oficial
1,first solo photo exhibition  june debut photographer jaemin comunicates fan unique sensibility world sen jaemin eye year glance
2,narcisism photographer jaemin 1st photo exhibition
3,jaemin got casted voluntering til  stil continues always best boy start
4,mini surt project narcisism jaemin 1st photo exhibition jaemin perspective narcisism header twibon let surt jaemin hapily
5,kim dongjun described seongwu lively wel manered bright seing aspect often reminded time spent hyungsik
6,first time jaemin worn ernest baker black double breasted blazer beautiful detail realy col wear fit perfectly jaemin ernest baker
7,nct jaemin first solo exhibition held jaemin first photo exhibition debut photographer jaemin narcisism jaemin 1st photo exhibition  june 2024 hanam
8,plan next month jaemin narcisism inhibition  handcary photobok merch anyone want sure price wil jastips stil waiting anouncement know much bring back indonesia
9,meow jaemin 1st photo exhibition
10,
11,ey one beautiful jaemin 1st photo exhibition
12,narcisism jaemin 1st photo exhibition  june 2024 hanam
13,
14,photographer jaemin 1st photo exhibition
15,jaemin heart emoji caption matching theme color photo
16,jaemin hapines hapines hope jaemin exhibition come wel smothly people loving lot people love like nana dung nana baraki eyone jaemin 1st photo exhibition
17,jaemin 1st photo exhibition
18,where want surt jaemin eything walk jaemin 1st photo exhibition
19,best person earth lovely boy jaemin thank hardwork thank making eyone hapy remember proud deserve get lot love hapines love much jaemin
20,narcisism photobok view even picture jaemin tok back 2019 indonesia
21,narcisism photobok view
22,narcisism
23,obsesed narcisism color detail one lok know jaemin brand
24,captured jaemin photobok narcisism
25,folow group month wil back folow jaemin show narcisism jaemin think folow please folow
26,photo jaemin nctdream narcisism youth filed dream
27,narcisism
28,mark narcisism jaemin 1st photo exhibition
29,photograph jaemin 2021 narcisism photographer jaemin 1st photo exhibition 2024
30,haechan narcisism jaemin 1st photo exhibition
31,narcisism say nana magazine isue photo jaemin nct dream youth filed dream
32,sory incredibly late realised literaly narcisism jaemin play jaemin self centered view world camera
33,narcisism photographer jaemin 1st photo exhibition geting sureal
34,narcisism 1st photo exhibition coming son folow
35,narcisism jaemin 1st photo hibition first page view featuring jeno jaemin
36,excited loking forward seing nong jam work ey  jaemin exhibition coming son narcisism
37,chenle alr apearing thrice jaemin narcisism silers winer
38,240612 jaemin exhibition insram jaemin photo hibition insta narcisism0813 narcisism youth filed dream
39,jeno jaemin narcisism photobok
40,comsition comite jaemin hibition chairman jaemin secretary jaemin treasurer jaemin event section jaemin publication documentation section jaemin public relation section jaemin equipment section jaemin jaemin
41,nana joyful  narcisism proud ojoyed cited jaemin
42,24061 narcisism insram
43,narcisism0813 update
44,jaemin photo hibition fre promo hehe narcisism acept pure narcisist
45,narcisism
46,24061 narcisism0813 insram
47,jaemin jaemin exhibition coming son narcisism
48,jaemini love jaemin exhibition coming son
49,24061 jaemin narcisism update
50,talented cameraman come sil event may jaemin exhibition smothly people like people watch come great great great jaemin exhibition coming son narcisism
51,create story jaemin talented jaemin exhibition coming son narcisism
52,helo
53,genre jaemin love narcisism
54,forget set flag  jam tok camera america kcon time remember light beautiful wait jaemin exhibition coming son narcisism
55,wayv first win
56,god morning stil gidy smiling narcisism anouncement proud artist jaemin baby okie prince kity jaemin exhibition coming son
57,jaemin
58,proud babe cowoku keren banget god luck baby jaemin exhibition coming son
59,thinking rela peace beautiful face jump narcisism jaemin
60,jaemin exhibition coming son narcisism jaemin
61,narcisism jaemin 1st photo exhibition  june 2024 hanam
62,narcisism jaemin 1st photo exhibition visitor guide notice location hanam embasy yongsan seoul operating period 2024 sat 2024 fri operating hour daily kst ticket reservation musinsa yes24 global ticket various related narcisism
63,narcisism jaemin 1st exhibition exhibition first photo exhibition sented public artist jaemin exhibition aim talk suroundings sen recorded eye past year since 2018 put unique sensibility frame create photo exhibition eyone relate special space
64,narcisism jaemin 1st photo exhibition visitor guide notice location hanam embasy yongsan seoul operating period 2024 sat 2024 fri operating hour daily kst ticket reservation musinsa yes24 global ticket
65,realy sure jaemin exhibition wil big suces jaemin 1st photo exhibition love surt jaemin jaemin fighting
66,
67,people
68,jisung said member plored jaemin photo hibition advance sure like lot realy lot great photo say brings back old memory fliping photo album fun
69,love surt jaemin jaemin fighting
70,ping   cary exhibition photographer jae min narcisism jaemin 1st photo exhibition carying round send air boat price expensive cary item refund money  round send boat price cheaper s eyone order round
71,hug behind wil anyone get angry continue pat head work realy hard smothly hibition dear jaemin 1st photo exhibition
72,jaemin 1st photo exhibition love surt jaemin jaemin fighting
73,jaemin 1st photo exhibition
74,layout ready stock boy group nct 127 dream concert youth mark prada narcisism mark renjun jeno haechan jaemin chenle jisung taeyong yuta doyoung jaehyun qris rete
75,always trust jisung come praising aciating jaemin litle thing jaemin big one wonder jaemin always adored cious
76,
77,tear jaemin swet please thankful nice always ben considerate even global fan love ey leter word
78, concert wil make give away showing evidence surting photographer enough jaemin 1st photo exhibition
79,able give since 13th already ground would definitely arive 25th
80,please surt jaemin first hibition deserves love crowd best jaemin thanks efort love nctzen cant wait hibit narcisism jaemin 1st photo exhibition
81,narcisism jaemin 1st photo exhibition  june 2024 hanam
82,jaemin 1st photo exhibition
83,jaemin 1st photo exhibition
84,topic nct dream unit highlight freshnes cutenes using term growth youth team ful hope dream live name dream drawing dream canvas nct eloquent boy
85,jaemin fangirl sion narcisism
86,351k 360k eyone ready surt jaemin 1st photo exhibition
87,cute jaemin 1st photo exhibition
88,smart person 90k  away talented photographer jaemin 1st photo exhibition
89,cute jaemin 1st photo exhibition
90,realy curious jaemin hibition concept wil lok like cute color like jaemin 1st photo exhibition jaemin 1st photo exhibition jaemin 1st photo exhibition jaemin 1st photo exhibition
91,proud baby jaemin 1st photo exhibition
92,think eduarda stand like chat anymore
93,litle kid ran away kindergarten sulking grandmother jaemin 1st photo exhibition
94,art clas teacher jamy ful score give jaemin 1st photo exhibition
95,jamy blanket jaemin 1st photo exhibition
96,inflated inflated inflated inflated yamin 1st photo exhibition
97,nyangis
98,jaemin 1st photo exhibition
99,jaemin 1st photo exhibition
100,smile morning came jaemin 1st photo exhibition
101,
102,
103,
104,
105,jaemin orange hair omg
106,wel one sncon content jaemin 1st photo exhibition
107,jaemin orange love
108,jaemin orange back
109,lok jaemin wearing handsome watch huh
110,
111,nadung nabaraki stoped react jaemin realy lost thank khun chakthaw much
112,
113,realy like bal los to
114,jaemin hair color
115,welcome back orange hair jaemin
116,jaemin orange hair
117,eduardo hate
118,welcome back jaemin orange
119,want thailand safe sky handsome realy fresh like orange
120,beautiful god
121,jaemin photo exhibition
122,dear jaemin sayang congrats first hibition realy fel love thank much eything proud heart always beside jaemin photographer debut
123,usa please nct jaemin narcisism hibition first payment deadline july form
124,june 29th speaker fashion onodera 2nd anisary festival held back stret omuta city fukuoka fecture exciting morning
125,update 48am kst jaemin rise trending worldwide 80k twets writer jaemin narcisism expected trending worldwide jaemin photographer debut trending worldwide
126,far favorite photo renjun jaemin exhibition personaly mine leave coresnding  jaemin photographer debut
127, narcisism jaemin photographer debut
128,info   jaemin narcisism merchandise closing early namely mon july 2024 wib price list order form deliy yogyakarta
129,jaemin proud love
130, jaemin photographer debut
131,25am kst jaemin photographer debut
132,nothing
133,jaemin photographer debut
134,thanks jaemin
135,tomorow continue training forget check  speling mistake wel copy kep jaemin photographer debut
136,proud explain
137, narcisism jaemin photographer debut
138,jaemin first photography exhibition ey proces done also liked smel smeled god work ful jaemin love perceive camera lens photo love jaemin much proud jaemin photographer debut
139,jaemin photographer debut
140,jaemin photographer debut
141,
142,col jeno like jaemin said lot photo jeno
143,haechan jaemin 1st hibition narcisism congrats thank jaemin taking best pic haechan dreamies
144,also picture jaemin
145,jisung jeno dream wonderland 2020 photographer jaemin
146,ty boy jaemin photographer debut
147, card co sticker narcisism jaemin rule folow acount mutual hay like pls coment want give want end july pick clock  wts  nctdream najaemin narcisism
148,entry narcisism jaemin photographer debut
149,to  congratulation photographer jaemin proud jaemin photographer debut
150,jaemin photographer debut
151,jaemin photographer debut
152,ty photographer
153,yorobu to narcisism  jaemin photographer debut
154,jaemin photographer debut
155,realy proud jaemin photographer debut
156, congrats darling jaemin photographer debut
157,may god first step another step forward talented people stil waiting narcisism jaemin brother sister jaemin photographer debut
158,ty jaem jaemin photographer debut
159,beautiful jaemin photographer debut
160,ty jaemin photographer debut
161,mark haechan two shot docent explanation cute
162,mark narcisism jaemin 1st photo exhibition
163,haha funy
164,wild bear apears
165,narcisism jaemin
166,lok jaemin creativity taking picture combining dreamies video jaemin taken picture dreamies skil ey time photographer jaemin amazes work proud
167,congratulation photographer jaemin word describe proud fan baby pride love nana jaemin photographer debut
168,jaemin photographer debut
169,suces smoth eything dear jaemin photographer debut
170,240629 1st hibition narcisism  nole jaemin jeno jaemin photographer debut
171,jaemin proud jaemin photographer debut
172,jaemin photographer debut
173,narcisism core
174,realy col proud dear jaemin photographer debut
175,jaemin photographer debut
176,wow jaemin ty jaemin photographer debut
177,jaemin photographer debut
178,ist personal self jaemin artist
179,drop jaemin photographer debut
180,proud ty cat jaemin photographer debut
181,haechan narcisism jaemin 1st photo exhibition
182,photo jeno jisung dream wonderland 2020 siting rocking cabin
183,wrote entering jaemin photo exhibition eyone wil given leaflet audio guide machine
184,
185,behind scene jeno photo
186,congrats jaemin jaemin photographer debut
187,1st exhibition narcisism  like ful sun jaemin photographer debut
188,jaemin exhibition begun mugles interested photography work folow online  want skils souvenir reserve jaemin photographer debut
189,jaemin photographer debut
190,jaemin photographer debut
191,jaemin photographer debut
192,smart person
193,jaemin photographer debut
194,let baby jaemin photographer debut
195,great darling jaemin photographer debut
196,jaemin photographer debut
197, photographer jaemin jaemin photographer debut
198,wha jaemin
199,chukae jaemin photographer debut
200,unfortunately to finaly came jaemin photographer debut
201,ty
202,jeno baby hand
203,bawl geting exhibition jaemin proud jaemin photographer debut
204,jeno jaemin
205,jaemin photographer debut
206,jaemin photographer debut
207,wai jaemin photographer debut
208,proud darling jaemin photographer debut
209,photographer jaemin jaemin photographer debut
210,jaemin photographer debut
211,naked jamin photographer debut
212,congratulation baby jaemin photographer debut
213,jaemin photographer debut
214,jaemin photographer debut
215,extremely proud jaemin jaemin photographer debut
216,jaemin photographer debut
217,congrats god person mother jaemin photographer debut
218,jaemin photographer debut always proud jaemin
219, narcisism jaemin photographer debut
220,love jaemin photographer debut
221,narcisism photographer jaemin
222,person given leaflet docent device entering nole jaemin photographer debut
223,jaemin photographer debut
224,jaemin photographer debut
225,dreamies lens photographer jaemin
226,jaemin photographer debut
227,said enter hibit handed leaflet voice recording wherein jaemin teling made hibit first photo t
228,jaemin photographer debut
229,finaly darling jaemin photographer debut
230,congratulation jaemin jaemin photographer debut
231, jaemin photographer debut
232, jaemin hibition finaly hapening to jaemin photographer debut
233,thank jaemin proud jaemin photographer debut
234,proud photographer jaemin photographer debut
235,want please jaemin photographer debut
236,col col jaemin photographer debut
237,jaemin proud congratulation jaemin always sucesful jaemin photographer debut
238,col jaemin photographer debut
239, jaemin 1st photo exhibition narcisism debut photographer congratulation photographer jaemin beyond proud hapy
240,omg col going cry jaemin photographer debut
241,jaemin enters exhibition leaflet docent machine wil handed jaemin wil fun
242, jaemin photographer debut
243,jaemin photographer debut
244,jaemin photographer debut
245,jaemin photographer debut
246,jaemin photo hibit ticket
247,jaemin photographer debut
248,jaemin photographer debut
249, congratulation first hibition e photographer jaemin
250,love jaemin photographer debut
251,fore proud jaemin jaemin photographer debut
252,let get 813 reply jaemin photographer debut jaemin photographer debut
253,congratulation jaemin photographer debut
254,realy proud jaemin photographer debut
255, jaemin photographer debut
256,coment use jaemin jaemin photographer debut
257,jaemin photographer debut
258,eyone talented trending keywords worldwide jaemin photographer debut
259, finaly prouder jaeminie jaemin photographer debut
260,god luck jaemin photographer debut
261,congratulation photographer debut kep mind eything sible result perseance dedication jaemin photographer debut
262,jaemin photographer debut
263, jaemin photographer debut
264,jaemin photographer debut
265,narcisism jaemin 1st photo exhibition oficial
266,jaemin photographer debut
267,jaemin photographer debut
268,jaemin photographer debut
269,jaemin photographer debut
270,love photographer jaemin jaemin photographer debut
271,jaemin photographer debut
272,narcisism let jaemin photographer debut
273,let jaemin photographer debut
274,jaemin photographer debut
275,whoe pased saw st ask one person please leave  encourage jaemin jaemin photographer debut
276,ready to narcisism  jaemin photographer debut
277,to  jaemin photographer debut
278,word cant even describe proud jaemin jaemin photographer debut
279, congratulation jaemin proud jaemin photographer debut
280,congratulation launch jaemin first photography exhibition narcisism capture ey moment nong dream jaemin eye hope eything smothly smart person jaemin photographer debut
281,proud understatement jaemin photographer debut
282,jaemin world colest jaemin photographer debut
283,inspired share random sky photo one jaemin adobe colab contest stil able use prize frelance job jaemin photographer debut
284,jaemin photographer debut
285,jaemin photographer debut
286,proud jaemin jaemin photographer debut
287,jaemin photographer debut
288, proud jaemin photographer debut
289,jaemin photographer debut
290,congratulation photographer jae min first exhibition sucesful intended talented jaemin photographer debut
291,jaemin photographer debut
292,to  jaemin 1st photo exhibition
293,jaemin photographer debut
294,let baby jaemin photographer debut
295,to  jaemin photographer debut
296,tudey to to narcisism hibition wil held yow proud yow jaemin jaemin photographer debut
297,jaemin photographer debut
298,jaemin photographer debut
299,proud thank intending eyone realy liked god jaming rubed head jaemin photographer debut
300,jaemin photographer debut
301,big surt jaemin first exhibition jaemin photographer debut
302,col darling jaemin photographer debut
303,jaemin photographer debut
304,jaemin photographer debut
305,to rank photographer jaemin photographer debut
306, jaemin photographer debut
307,jaemin photographer debut
308,photographer debu proud jaemin jaemin photographer debut
309,jaemin photographer debut
310, cited jaem jaemin photographer debut
311,congrats jaemin jaemin photographer debut
312,jaemin photographer debut
313,jaemin photographer debut
314,jaemin photographer debut
315, jaemin 1st photo exhibition narcisism proud jaemin jaemin photographer debut
316,talented photographer jaemin photographer debut
317,jaemin photographer debut
318,to narcisism  jaemin photographer debut
319,congrats jaemin photographer debut
320,jaemin photographer debut
321,finaly narcisism  jaemin photographer debut
322,long awaited jaemin hibition finaly hapening to jaemin photographer debut
323,let show surt jaemin first exhibition jaemin photographer debut
324,super proud jaemin photographer debut
325,let show surt jaemin nct first exhibition jaemin photographer debut
326, jaemin photographer debut
327,congratulation jaemi jaemin photographer debut
328,let show surt jaemin first exhibition jaemin photographer debut
329, arived make sure surt jaemin to hashs jaemin photographer debut
330,hope eything smothly jaemin photographer debut
331,jaemin photographer debut
332,jaemin photographer debut
333,jaemin photographer debut
334, jaemin photographer debut
335,jaemin photographer debut
336,proud jaemin jaemin photographer debut
337,jaemin best proud love jaemin photographer debut
338,jaemin photographer debut
339,to awaited  namely ing  jaemin narcisism hibition jaeminie planing efort hard work hope eything smothly sucesfuly hope eyone praise aciate jaemin work deserves lot love
340,jaemin photographer debut
341,speak jaemin
342,wts lfb nct dream nct jaemin narcisism magazine  photobok discounted batch slot 120 payo sfeta isf folow dop payo rembal july 2024 mine claim wait
343,jaemin thank
344,acepting deliy narcisism jaemin 1st photo exhibition jaemin exhibition entry round item arive thailand  aintment pick next wek interested inquire fil form
345,narcisism jaemin 1st photo hibition secured special photobok ordered separately pls read order  release date changed october bought pls 3rd pic
346,stil available share ster narcisism claim bro taken wts sharing ster mark renjun jeno haechan jaemin chenle jisung narcisism
347,pls delete also pls take note dont edit picture edited ured love please respect aciate hard work edok jaemin photographer debut
348, divide jaemin jaemin picture left baht buy remaining picture 150 baht make aintment pick zenlad union bts chatuchak siam anyone interested please
349,whoe loking  shop recomend code shop discount brutal s pay cheat orange shop ftbs recomend sing separately ftbs deli slowly
350, jaemin photographer debut
351,non korean czenie shared photo narcisism section said tok care record audio section english wel czenies place could conect understand section
352, jaemin photographer debut
353,please delete also pls take note dont edit picture edited ured love please respect aciate hard work jaemin photographer debut
354, pink bal cap jaemin narcisism
355,ratatouile dol chumchum grocery last christmas jaemin photographer debut
356,jaemin narcisism exhibition proxy purchase visit  4pm 6pm special limited photo bok stock wil give ful refund right away ban semi registration nct nct dream photo society nct nctdream mark renjun zeno haechan jaemin chenle jisung proxy purchase god jaemin narcisism special photobok limited
357,hapy ey time jaemin like even hapier jaemin suced like proud photographer jaemin best jaemin photographer debut
358, narcisism jaemin photographer debut
359,review sing card narcisism jaemin 1st photo exhibition past paid card able s money deducted many others disainting sale
360, narcisism jaemin photographer debut
361,like mod tone clip acoustic col music cute relaxing like going run play friend late morning  jaemin photographer debut
362,carying jaemin exhibition sticker jaemin jeno eco bag sunset colage
363,plastic bag jaemin narcisism exhibition  put box folded smal fold make aintment pick siam zen pin plastic bag
364,narcisism ey photo video ful love
365, jaemin photographer debut
366,
367,jaemin photographer debut
368, narcisism jaemin 1st photo exhibition oficial online round desit including tax event start sending aug september special photobok pink co ster set eco bag tshirt hodie send back order via
369, jaemin narcisism special photobok 750k photobok magazine 390k ster 20k card co sticker 50k stcard 30k eco bag 450k badge 90k tshirt 450k zipup hodie 850k surabaya est bersih ina packing
370,narcisism texture video god felt like watching scenery jaemin watching together
371,jaemin photographer debut
372,used listen jam phut ing to listened gao chinese tomorow going listen japanese speaking help excited recomend talented person jaemin photographer debut
373,section woman stop fore
374,narcisism jaemin photo exhibition event round deliy wil notify
375, jaemin narcisism ofline online special photobok limited  180k 850k est 8kg photobok magazine  485k 425k est 350 ster 295k 240k card co sticker 85k 70k stcard 45k shipta bersih ina jaktim
376,please delete also pls take note dont edit picture edited ured love please respect aciate hard work jaemin photographer debut
377,proud jaemin hopefuly wil kept away demon roam around stay healthy afairs wil run smothly jaemin photographer debut
378,like  best photographer jaemin pls jaemin photographer debut
379, order narcisism jaemin 1st photo hibition ster set haechan  est 295 avail photobok magazine  event bok signing est 525 avail bandung packing adm shope cicilan sampai wts want sel lfb nct dream
380,proxy nct dream jaemin narcisism check user guide domestic  korea paypal wise wts
381,exhibition smal like said interview eything realy evident hapy touched able fil eye jaemin oflowing love member going get limited photo bok haha save ey one
382,narcisism set fan surt august 2024 limited qty mbf like act location time tba
383,
384,wow loks like boyfriend jaemin photographer debut
385,jaemin photographer debut
386,anyone money surt jaemin lot case jaemin money hire sculptor virtual hibition jaemin photographer debut
387,pls delete also pls take note dont edit picture edited ured love please respect aciate hard work jaemin photographer debut
388,proud proud proud jimin photographer debut
389,jaemin photographer debut
390,please delete also pls take note dont edit picture edited ured love please respect aciate hard work jaemin photographer debut
391,please delete also pls take note dont edit picture edited ured love please respect aciate hard work jaemin photographer debut
392,also pls take note dont edit picture edited ured love please respect aciate hard work jaemin photographer debut
393,please delete also pls take note dont edit picture edited ured love please respect aciate hard work jaemin photographer debut
394,jaemin wrote terima kasih handwriting narcisism photobok thank jaemin hope indonesia always give amazing hapy memory time mater
395,card co jeno stock jaemin photographer debut
396, want ask much eyone forget  whoe twet please give person coment coment jaemin photographer debut
397,jaemin photographer debut
398, jaemin exhibition jaemin photographer debut
399,jaemin photographer debut
400,proud jaemin thank jaemin photographer debut
401,jaemin congratulation first exhibition always curious perspective nice able fel like thank much sharing cious memory thank always giving much love wil give back received thank much love always
402,cute jaemin photographer debut
403,
404,space filed jaemin afection
405,kdol vote chain please break chain let vote jaemin kdol  yang sayank jaemin love jaemin please vote jaemin
406,loking someone pink bag ready ship ship month want much anyone one talk
407,nct dream jaemin narcisism exhibition photobok sel special photobok photobok magazine inquiry inquiry jaemin nct fan signing bok signing artist talk fansign bok signing artist talk
408,exhibition work eye would god memory jaemin photographer debut
409,jaemin narcisism hibition special photobok ferably handcary please
410,talented man jaemin photographer debut
411,show volume true to 4th  sold jaemin photographer debut photo minebebea
412,know jae min going nana dunge nana baraki loving jaemin wel  ben trending  wil continue love jaemin jaemin photographer debut
413,fav photographer jaemin jaemin photographer debut
414,jaemin 1st photobok exhibition narcisism oficial price jul dop bal aug eta oct avail wts lfb long dop photocard sion benefit order town nct 127 dream hodie set eco bag
415,jaemin photographer debut
416,col describe using word jaemin photographer debut
417,luv jaemin photographer debut
418,talented photographer jaemin photographer debut
419,come share cute mesages jaemin like photograper jaemin jaemin photographer debut
420,chers talented photographer jaemin photographer debut
421,another  come rain umbrela wil break body wil break wel litle sister know like fet geting wet like rainy  realy come to try listening jaemin voice realy sexy huh jaemin photographer debut
422,colect debut 8th anisary oficial discount code send back air conditioner except pilow use discount code shope live order via shope starfish cushion lucky card including instalment
423,yes24 prof narcisism jaemin 1st photo exhibition photobok magazine  order benefit pro purchase check service yes24 jaemin photobok order purchase agency purchase review
424,let jaemin photographer debut
425,touched proud grateful jaemin included thing indonesia photobok indicating indonesia beautiful memory dream proud jaemin thank much love jaemin photographer debut
426,love jaemin photographer debut
427, nct 127 debut 8th anisary oficial dreamland party cake se 295k lucky card set 10k dol prop set 170k diy acrylic stand 290k starfish cushion set 460k bersih ina packing
428, shake bost jaemin photographer debut
429,photographer love proud love jaemin jaemin photographer debut
430,please delete also pls take note dont edit picture edited ured love please respect aciate hard work jaemin photographer debut
431,want ftp come picture talented people taken jaemin photographer debut
432,evidence product sing nong wich album songbird korea  narcisism jaemin ster set jaemin  evidence vious product sing to
433,kot handsome col male model came work interested photography technique role cameraman came imediately person col ey role jaemin photographer debut
434,let jaemin photographer debut
435,eyone tweting photographer to jaemin photographer debut
436,jaemin photo hibition  come give love surt ful blesed eyone jaemin photographer debut
437,jaemin photographer debut
438, come surt talented photographer jaemin photographer debut
439,proud litle jaemin old photographer jaemin photographer debut
440,nong dream elephant patern mat item wear together cute price location
441,please delete also please take note edit picture edited ured love please respect aciate hard work jaemin photographer debut
442,please delete also pls take note dont edit picture edited ured love please respect aciate hard work jaemin photographer debut
443,review jaemin first photo exhibition
444, narcisism jaemin photographer debut
445,mother tried tried alogize stil using jaemin photographer debut
446,boy mine jaemin photographer debut
447, jaemin photographer debut
448,acepting ses 2nd round jaemin exhibition interested please jaemin 1st photo exhibition
449,talented photographer person determined jaemin person talented jaemin may jaemin photo discoed jaemin photographer debut
450,favorite photographer jamy talented jaemin photographer debut
451,already 4th  chang photo gone exhibition since returning korea jaemin photographer debut
452,jam jam best jaemin photographer debut
453,photographer photographer personal light carying asistant last born child model earth jaemin photographer debut
454,jaemin photographer debut
455,please delete also pls take note dont edit picture edited ured love please respect aciate hard work jaemin photographer debut
456,pls delete also pls take note dont edit picture edited ured love please respect aciate hard work jaemin photographer debut
457,jaemin photographer debut
458,jaemin photographer debut
459,caption jaemin photographer debut realy funy
460,damn  narcisism jaemin photographer debut jaemin photographer debut jaemin photographer debut jaemin photographer debut
461,narcisism jaemin photographer debut
462,asking coment per person photographer let talk smart people jaemin photographer debut
463,handsome photographer jaemin photographer debut
464,narcisism jaemin 1st photo exhibition oficial nct dream jaemin exhibition god ca daelgu transfer prof order scam online online buy hodie cap get closed order 50pm kst bulk order original price pro please
465,please give coment talented photographer jaemin photographer debut
466,narcisism talented photographer jaemin photographer debut
467, exhibition jaemin photographer debut
468,photographer jaemin rcisism talented person cizuni nana baraki jaemin photographer debut
469,4 may to smoth  talented photographer jaemin photographer debut
470, narcisism jaemin photographer debut
471,4 whoe twet please give reply coment surt photographer jaemin jaemin photographer debut
472,please give person like photographer jaemin please afternon jaemin photographer debut
473,pls reply  matran afternon round let surt talented photographer jaemin photographer debut
474,jaemin photographer debut
475,please delete also pls take note dont edit picture edited ured love please respect aciate hard work jaemin photographer debut
476,pls delete also pls take note dont edit picture edited ured love please respect aciate hard work jaemin photographer debut
477,let practice  jam together afternon please give menu person jaemin photographer debut
478,please give voice narcisist company employe jaemin photographer debut
479, exhibition talented khun jaemin jaemin photographer debut
480,come let give one re encourage talented photographer jaemin photographer debut
481,narcisism  sold update based fan photobok magazine  ster set jaemin  stcard card co sticker mark  eco bag pink  zip hodie badge tshirt black  stocking cept stcard
482,japanese gaze title photo exhibition even stair narcisism jaemin photographer debut
483,to 4th  would like ask remembrance cmu give surt jaemin jaemin photographer debut
484, narcisism jaemin 1st photo exhibition dreamland terisi slot special photobok magazine  ster set card co sticker stcard eco bag milk glas badge shirt zip hodie bal cap bersih ina packing
485,also photo video taken handheld device ful nostalgic adorable moment narcisism jaemin photographer debut
486,pls delete also pls take note dont edit picture edited ured love please respect aciate hard work jaemin photographer debut
487,pls delete also pls take note dont edit picture edited ured love please respect aciate hard work jaemin photographer debut
488,pls delete also pls take note dont edit picture edited ured love please respect aciate hard work jaemin photographer debut
489,pls delete also pls take note dont edit picture edited ured love please respect aciate hard work jaemin photographer debut
490, jaemin photographer debut
491,pls delete also pls take note dont edit picture edited ured love please respect aciate hard work jaemin photographer debut
492,wowon jung work jaemin exhibition talented colabs artist wel jaemin photographer debut
493,jamy talented photographer jaemin photographer debut
494,love jaemin jaemin photographer debut
495,please delete also please take note edit picture edited ured love please respect aciate hard work jaemin photographer debut
496,please delete also pls take note dont edit picture edited ured love please respect aciate hard work jaemin photographer debut
497,helo please delete please respect jaemin work edit put watermark picture jaemin photographer debut
498,please delete also please take note dont edit picture edited ured love please respect aciate hard work jaemin photographer debut
499,fav photographer jaemin photographer debut
500,online  round narcisism jaemin exhibition jaemin 1st photo exhibition s to black hodie stil available hat sold order via
501,wts lfb jaemin narcisism 1st photo hibition special  230 photobok magazine  130 payo rembal tom sfeta yet secured mag push uos claim
502, ina nct 127 debut 8th anisary oficial party cake set 35k 250k lucky card set 125k 80k dol prop set 215k 150k diy acrylic stand set 325k 245k starfish cushion set 590k 470k est 50gr
503, jaemin photographer debut
504,also s website front event gone already picked cute solo joined take surt photo jaemin photographer debut
505,sky sea jaemin photographer debut
506,pls delete also pls take note dont edit picture edited ured love please respect aciate hard work jaemin photographer debut
507,to photographer much jaemin photographer debut
508,pls delete also pls take note dont edit picture edited ured love please respect aciate hard work jaemin photographer debut
509,talented person jaemin photographer debut
510,to stcard item stock stil stock
511,pls delete also pls take note dont edit picture edited ured love please respect aciate hard work jaemin photographer debut
512,jaemin photographer debut
513,pls delete also pls take note dont edit picture edited ured love please respect aciate hard work jaemin photographer debut
514,pls delete also pls take note dont edit picture edited ured love please respect aciate hard work jaemin photographer debut
515,
516,already 4th  exhibition talented jaemin jaemin photographer debut
517,eything set beautiful jaemin photographer debut
518,love jaemin ben trending since last night realy lot people love jaemin let give love talented person let continue eyone please give retwet coment jaemin photographer debut
519,heart people try take picture come beautiful beautiful photographer held hand tok photo stil come lok realy admire jaemin proud busy able alocate time make exhibition truly amazing jaemin photographer debut
520,jaemin photographer debut
521,int goal buying god nong jaemin reasonable price to shope giving away discount code entire code shop use buy ftp jaemin gone price ben greatly reduced whoe yet get price one round jaemin photographer debut
522,jaemin photographer debut
523,one jaemin photographer debut
524, jaemin photographer debut
525,pls delete also pls take note dont edit picture edited ured love please respect aciate hard work jaemin photographer debut
526,jaemin medium first half year 181  lysn  lysn photo  pic  story  nar  story nar  cat twiter nar  wese 
527,best photographer jaemin photographer debut
528, narcisism jaemin photographer debut
529,jaemin photographer debut
530,jaemin photographer debut
531,may beautiful sky realy like sky rajamangala thank rain jaemin photographer debut
532, exhibition talented photographer jaemin photographer debut
533,jaemin proud jaemin photographer debut
534,may talented photographer work proced smothly jaemin photographer debut
535,please delete also pls take note dont edit picture edited ured love please respect aciate hard work jaemin photographer debut
536,like ask person reply jaemin stil 4th encouragement jaeminka jaemin photographer debut
537, narcisism jaemin photographer debut
538,narcisism jaemin 1st photo exhibition musinsa newsrom june 21st first round hibition ticket sold musinsa drop sold within minute second going sale
539,kind moment indonesia enter narcisism jaemin photo red white flag ancol blangkon hit light indo stret cat word thanks big proud thank jaemin
540, jaemin talented photographer jaemin photographer debut
541,let jaemin photographer debut
542,kep love photograph jaemin photographer debut
543,jaemin dream gaze ty thank hard work
544,lok fan front jaemin photo exhibition
545,narcisism jaemin 1st photo exhibition card co sticker group order item ordered paid estimated  nana 
546,would like close form acepting jaemin 1st photo exhibition customer stil item update son interested ordering card co pink eco bag mark white shirt stil order via
547, jaemin photographer debut
548,front exhibition crazy jaemin photographer debut
549, jaemin photographer debut
550,kindly  talented photographer jaemin  must include photo mesages emojis let twet think bot jaemin photographer debut
551,love litle jaemin ne regreted jaemin photographer debut
552,pleased shared moment jaemin watched felt jaemin jaemin photographer debut
553,always proud jaemin photographer debut
554,thank much naemin jaemin photographer debut
555,4th  exhibition jaemin received lot love jaemin photographer debut
556, already let move jaemin photographer debut
557,behind jaemin photographer debut
558, jaemin photographer debut
559, jaemin photographer debut
560, jaemin photographer debut
561,jaemin photographer debut
562,cutenes oload jaemin photographer debut
563, jaemin photographer debut
564, jaemin photographer debut
565, jaemin photographer debut
566,congrats first exhibition jaemin thank hard work super duper beyond proud photographer jaemin photographer debut
567,brazilian jaemin yes jaemin talented photographer loved dreamies dedicated perfect narcisism beautiful
568, jaemin photographer debut
569,isnt haechan handsome said jaemin photographer debut
570,found culprit smel jaemin photographer debut
571, narcisism exhibition may eything smothly hapy exhibition owner visitor may god experience jaemin photographer debut
572, start jaemin photographer debut
573,jaemin photographer debut
574, may eything event come smoth jaemin intended jaemin photographer debut
575,already closed form anyone stil want buy jaemin narcisism special photobok  magazine  long short dop please send tonight wts lfb
576,let surt talented photographer jaemin photographer debut
577,smart person jaemin photographer debut
578,tear picture show hand jaemin photographer debut
579,increasingly high hope narcisism tour way jakarta jaemin photographer debut
580,may another sucesful  photographer jaemin love jaemin jaemin photographer debut
581,jaemin 1st photo hibition narcisism event round price 1750 baht desit acepted ful transfer person co fil form close form amount complete make time cycle order round online
582,like traped huge botle homesicknes ey time photo think jaemin liked back dream jaemin saw back place last photo gathered control emotion anymore
583,jaemin photographer debut
584, narcisism jaemin photographer debut
585, already let another god  photographer jaemin photographer debut
586, please retwet cmu love jaemin  jaemin please saw keyword trending jaemin photographer debut
587,st design like taking people thing enter swepstakes write
588, jaemin photographer debut
589, nae jaemin photographer debut
590,jaemin 1st photo hibition narcisism reply  let surt photographer jaemin jaemin photographer debut
591,raining outside jaemin photographer debut
592, jaemin photographer debut
593, narcisism jaemin photographer debut
594,jaemin photographer debut
595, narcisism jaemin photographer debut
596, narcisism jaemin photographer debut
597,ela musk
598,god morning  jaemin photographer debut
599, jaemin photographer debut
600, huhuhuhuhuh baby great fel love jaemin photographer debut
601,writer jeong insram jaemin nct jaemin kinetic miror jaemin handwriting narcisism hibition self love self love miror creates another exists front awkward familiar complex thing mixed
602,musinsa insram ticket 2nd round nct jaemin photo exhibition  check 2nd ticket reservation jaemin narcisism photo exhibition show love eything around musinsa drop july 4th narcisism jaemin 1st photo hibition 2nd ticket  thu 8pm
603,narcisism fan surt mini frebies retwet like realy aciated set 10k admin packing refund shope link kolom reply limited qty
604,jaemin photographer debut
605, jaemin photographer debut
606,pls cary anyone interested please price aditional aditions work july  deliy july old customer desit kep another un deliy product stock refund case
607,photo recently taken eyone ate lot rice
608,jaemin intention growing wel smart person jaemin photographer debut
609,jaemin photographer debut
610,ben gone  time rest jaemin jaemin photographer debut
611,jaemin photographer debut
612,jaemin photo exhibition narcisism record refreshing scent suit col sumer similar jaemin perfume sad moment stand line moved jaemin japanese docent almost cried loked photo felt atention detail
613,8th  went photographer intention honestly secretly cried litle especialy listening jaemin said truly care eything jaemin photographer debut
614,
615,lavender honey ice cream exotic taste realy smels like flower want eyone come try penang malaysia realy want tds3 malaysia location wel jaemin photographer debut
616,part turno people slep two  love jaemin white bag macaw
617,jaemin talented photographer exhibition oficialy entered 2nd wek stil many people coming event outsider interested insider want jaemin talented jaemin photographer debut
618,jaemin work goten ticket dificult push give wait abandon
619,jaemin photographer debut
620,going back nct zone jaemin birth coming
621,morning trending  jamy 6th jaemin photographer debut
622,jaemin photographer debut
623,pasion photography ben known fan considerable amount time demonstrated dedication hoby photography taking photograph member meticulously editing color grading even adhering schedule fan
624, narcisism jaemin photographer debut
625,let narcisism photographer jaemin jaemin photographer debut
626,latecomer wait endlesly line
627,
628,jaemin photographer debut
629,6 jaemin exhibition please give coment retwet surt jaemin h jaemin photographer debut
630, jaemin photographer debut
631, god morning aunt klong may to god  jaemin photographer debut
632,6 handsome photographer talented jaemin photographer debut
633,6 photographer may to smoth rain jaemin photographer debut
634, narcisism jaemin photographer debut
635, come surt photographer jaemin photographer debut
636,girl wdym almost wek stil fel like  jaemin photographer debut
637,jaemin photographer debut
638,jaemin photographer debut
639,col jaemin photographer debut
640, narcisism jaemin photographer debut
641, photography work photographer jae min congratulation ey  work progresing let train  stay end event jaemin photographer debut
642,let come together surt photographer sharing picture ing share favorite picture jaemin holding camera jaemin photographer debut
643, narcisism jaemin photographer debut
644, jaemin photographer debut
645,col jaemin col handsome jaemin photographer debut
646,picture col like jaemin jaemin photographer debut
647,jaemin photographer debut
648,jaemin photographer debut
649,2nd exhibition let jaemin photographer debut
650, jaemin photographer debut
651,jaemin photographer debut
652,jaemin photographer debut
653,jaemin photographer debut
654,reintertation narcisism nct jaemin first photo exhibition person site source na srt jaemin photographer debut
655,jaemin photographer debut
656,listen jaemin hyung talk exhibition like  speaks wel easy understand embarased handsome dep voice came acros ing sentence may show world love jaemin jaemin photographer debut
657,went place filed jaemin eye
658,thank awesome work afraid wel realy got jaemin photographer debut
659,jaemin exhibition help smile watching could fel sincerity jaemin tok camera meaningful time fan love dream gather one place lok photo unforgetable 
660,jaemin photographer debut
661,sun kised jaemin photographer debut
662,10724 snackpaper update weibo jaemin sharing cokies skesperson
663,would handsome foe photographer brother jaemin handsome jaemin photographer debut
664,owner cat sucking exhibition jaemin photographer debut
665,lucky jaemin photographer debut
666,already caried first round may ing
667,cutest handsome photographer also model lok handle cheat jaemin photographer debut
668,round jaemin swet smile realy energizes nana baraki jaemin photographer debut
669,hapy jaemin first time
670,come send encouragement one  jaemin photographer debut
671,review photographer jaemin handsome co photo paper clear juicy color large size ey picture god make want show aunt next dor jaemin photographer debut
672,narcisism love photo jaemin jaemin photographer debut
673,jaemin photoboth event embrace narcisism jaemin photoframe loc date ster let celebrate jaemin birth together show swetest smile using frame forget 
674,jaemin photographer debut
675, narcisism jaemin photographer debut
676,photography exhibition play sens image video hearing voice instrumental music taste special drink touch photo lens smel perfume organized conjunction dream tour dreamer around world experience masterpiece jaemin photographer debut
677,great company sel ahead sel must care jaemin photographer debut
678,pick cary jaemin exhibition pick cary jaemin event entry time return thailand make aintment pick siam mrt rama wait item long sent starting interested price shown picture
679,tonight wil white zip hodie jaemin ready ship thailand restock item let met live shope tonight
680,boyhod jaemin photographer debut
681,jaemin narcisism second round already caried got order complete
682,
683,hope jaemin apears fabric ster board director exhibition ty
684,rom god like ofice rom many picture chose lok rom smal almost merged eyone entered time
685,thinking photographer going wil always encouragement may to god  jaemin photographer debut
686,already afternon stil help jam jaemin photographer debut
687,going act like cat thief pick ful give jaemin photographer debut
688,pare work head ful please give encouragement jaemin photographer debut
689,jaemin amazing
690,12th afternon check ask much eyone forget  talented photographer jaemin jaemin photographer debut
691,pls  like  jaemin photo exhibition please help surt talented photographer jaemin photographer debut
692,india fore indebted madam jay hind
693,narcisism jaemin
694, narcisism wel proud jaemin jaemin photographer debut
695,main jaemin first work photographer jaemin proud ben folowing since started working starting study taking photo show colected work  exhibition people realy proud jaemin photographer debut
696,jaemin apears recognize barcode admision ticket narcisism exhibition
697,jaemin best fighting jaemin photographer debut
698, handsome narcisism best photographer jaemin photographer debut
699,mater many camera cary type camera wil atractive kub talented photographer jaemin photographer debut
700,cokies must delicious even resist kep tongue time jaemin sharing cokies skesperson
701,cokies cokies brand realy picked right person cute probably beg mom buy whole batch jaemin sharing cokies skesperson
702, work handsome photographer jaemin photographer debut
703,best seling cokies cute jaemin sharing cokies skesperson
704,snackpaper let st photo jaemin sing photo jaemin sted insram eyone like coment rest weibo jaemin sharing cokies skesperson
705,jaemin 1st photo exhibition forward right photobok magazine   bok ask friend korea s colect desit  thailand wil paid item arives jaemin magazine
706,lunchtime eyone eat finished eating stop encourage talented photographer liking coment jaemin photographer debut
707, loking red co narcisism special photobok limited cary make deal ready send anything ofer price first make dream come true nuthi want much
708, jaemin photographer debut
709, narcisism jaemin photographer debut
710, narcisism jaemin photographer debut
711,ed black shirt jaemin event fre gift form bag candy wel cute seler sent item quickly time use price friendly shirt anyone afraid wil big think stil osized big wear 162cm tal loks okay
712, jaemin photographer debut
713,jane card deal transfer ticket jaemin narcisism jaemin 1st photo exhibition exhibition seoul ticket deal 13th 15th thank trusting using service
714,hand bag exhibition people helped trend  reply twet   jaemin photographer debut
715,thank jaemin cutenes thank much jaemin talented
716,jaemin photographer debut
717,let take kid take photo khun leader captain bok baek cute swet jaemin photographer debut
718,acepting deliy jaemin narcisism price shown picture includes  back thailand item arive thailand july 14th  baht going event receive baht interested
719,jaemin photographer debut
720,jaemin photographer debut
721,hey retweted trended  yet kindly  jaemin photographer debut
722,love jaemin  narcisism jaemin photographer debut
723,tomorow jaemin photographer debut
724,
725,best young child right mother son could congratulation suces year photography exhibition litle jaemin barely thre year old talented son jaemin photographer debut
726, narcisism jaemin photographer debut
727,narcisism jaemin photographer debut
728, narcisism jaemin photographer debut
729,jaemin photographer debut
730,discount website deliy later 3rd  deliy 8th month narcisism jaemin 1st photo exhibition around air conditioner jaemin price picture smal piece large piece pls s stock
731,jaemin photographer extremely talented jaemin photographer debut
732,handsome photographer year jaemin photographer debut
733, jaemin brother jaemin photographer debut
734,jaemin photographer debut
735, jaemin photographer debut
736,photoboth event surt jaemin debut photographer event filed moment jaemin forget use 
737,jaemin photographer debut
738,12th  narcisism exhibit jaemin photographer debut
739,jaemin photographer debut
740,jaemin photographer debut
741, jaemin photographer debut
742,mark
743, photography exhibition talented jaemin jaemin photographer debut
744,jaemin photographer debut
745,talented person jaemin photographer debut
746, narcisism jaemin photographer debut
747,jaemin photographer debut
748,almost non let lunch jaemin photographer debut
749, already let jaemin photographer debut
750,whoe twet please give  jaemin jaemin photographer debut
751, narcisism jaemin photographer debut
752,helo almost non forget pare eat may enjoy meal eat jaemin photographer debut
753,jaemin photographer debut
754, narcisism jaemin photographer debut
755, talented litle kid meow meow jaemin photographer debut
756,col thing black white rom also place magnifying shet table zom handsome face heart content col idea walking loking something viewer play god photographer jaemin photographer debut
757,jaemin photographer debut
758,plus continue ray rela itaewon station guide said exit exit walk straight along path come large intersection turn right walk view picture continue walking path far away wil met many people love jam work jaemin photographer debut
759,laew jaemin photographer debut
760, cameraman handsome model jaemin photographer debut
761, jaemin photographer debut
762,got home  ago jaemin photographer debut
763, narcisism jaemin photographer debut
764,secretly working train talented photographer first jaemin photographer debut
765,acepting jaemin exhibition narcisism jaemin 1st photo exhibition enter event july closing date july thailand deliy thailand july make aintment pick central rama price shown picture  within thailand included ey piece give exhibition bag ey order
766,let cher talented photographer jaemin photographer debut
767,jaemin photographer debut
768, narcisim jaemin photographer debut
769, jaemin photographer debut
770,nanabaraki god person may fun  to may work wel met people love jaemin photographer debut
771,nana baraki talented jaemin photographer debut
772,jaemin photographer debut
773, narcisism jaemin photographer debut
774, jaemin photographer debut
775,jaemin photographer debut
776,12th  reply  jaemin photographer debut
777,sleping beauty jaemin photographer debut
778,triple jaemin person style love jaemin photographer debut
779, narcisism jaemin photographer debut
780, narcisism jaemin photographer debut
781, narcisism jaemin photographer debut
782,narcisism  jaemin photographer debut
783, jaemin photographer debut
784,eything aded except red bok
785,litle child  grew exhibition jaemin photographer debut
786, jaemin photographer debut
787, narcisism jaemin photographer debut
788, jaemin photographer debut
789,loking ster mark jaemin marked heart anyone  come share
790,ariving 12th  already whoe twet may ey  god  eyone jaemin photographer debut
791, jaemin photographer debut
792, jaemin photographer debut
793, jaemin photographer debut
794,enter d12 jaemin photographer debut talented person photography exhibition
795, to kep fighting hope eything smothly event tomorow kep fighting jaemin photographer debut
796,
797,owner exhibition come dance tiramisu cake mom photographer jaemin 1st exhibition
798,dream sen jaemin eye must always ben lovely afection stand grateful jaemin dream recorded youth
799,240714 jaemin narcisism curently trending 52k sts
800,end 16th night photographer person two twets please leave like photographer jaemin 1st exhibition
801,
802,final word end  to wel proud jamy ey  hope god night jam eyone love photographer jaemin 1st exhibition
803,space made realize love visible eye thank sharing cious moment captured love long period time jaemin unique gaze congratulation hard work may jaemin shining youth last fore always surt author jaemin chalenges sun
804,  jaemin jaemin photographer debut
805,multiple time colect said colected type exhibition ticket like colecting dragon bals
806, photographer jaemin 1st exhibition
807, ended to eything went smothly right people admire photography work talented photographer realy col photographer jaemin 1st exhibition
808,jaemin congratulation first photo exhibition
809,swet hear jaemin voice loking jaemin paris hanging wal first flor author narcisism
810,ready ina shoping bag narcisism inhibition jaemin remaining direct shope stil loking
811,saw picture photobok wel omg eats lot people thai person name would realy like apsara photographer jaemin 1st exhibition
812,anyone want zip hodie recomend beautiful jaemin style photographer jaemin 1st exhibition
813,narcisism jaemin photo exhibition  buying buy jaemin exhibition ticket transfer time imrtant yes24 narcisism jaemin 1st photo exhibition nct dream ticket jaemin photo
814,photographer jaemin 1st exhibition
815,pls kindly use  png boy narcisism link  pls rest personal use
816,picture landscape big frame set like beautiful fact jaemin sems like taking photo people take landscape photo realy beat anyone realy beautiful photographer jaemin 1st exhibition
817,evening like ask person like give encouragement 16th please give photographer photographer jaemin 1st exhibition
818,jaemin exhibition narcisism admision god transfer miror unmi obchat obchat faster nct dream jaemin narcisism ticket ster miror sel wts hibition
819,also completed second visit artist jaemin exhibition came muong to
820,
821,interest check made sticker anyone want sticker wait first give shope link sticker fanmade narcisism jaemin
822,forwarding right photobok magazine   event round bok deliy website including  aditional colection order acount desit jaemin magazine
823,litle jaemin forget eat photographer jaemin 1st exhibition
824,form wil closed stil order
825,jaemin inspires ey  geting know litle jaemin rewarding life photographer jaemin 1st exhibition
826,want song released studio sion platform photographer jaemin 1st exhibition
827,already 16th time realy pasing quickly jaemin talented end able set  left shocked photographer jaemin 1st exhibition
828,amen want got horse photographer jaemin 1st exhibition
829,photographer jaemin 1st exhibition
830,wts  sharing nct jaemin narcisism ster mark set mark  ster 42k avail ster already clean ina pack admin jateng nct jaemin narcisism  wts
831,swedad evening stop surt jaemin joining together photographer jaemin 1st exhibition
832,photographer jaemin 1st exhibition
833,photographer jaemin 1st exhibition
834, talented person event arived 16th let together last  event brother jaemin photographer jaemin 1st exhibition
835,aditional jaemin exhibition bag give away  baht usual stil anyone interested please give reply
836,second photo exhibition visit also sucesful
837,narcisism jaemin 1st photo exhibition jaemin editing proces photographer jaemin 1st exhibition
838,photographer find money fod child
839,even though mother work like mother proud huh nong jam talented person swetheart eything waiting play pink photographer jaemin 1st exhibition
840,photographer jaemin 1st exhibition
841,photographer jaemin 1st exhibition
842,
843,buy web
844,talented photographer another year let organize exhibition tour nong jamin photographer jaemin 1st exhibition
845,last haechan left
846,photographer jaemin 1st exhibition
847,loking buying forwarding releasing right geting deal bal cap narcisism jaemin jaemin gray black charcoal
848,to 16th organizing exhibition woke start living life come bus energy help jaemin get photographer jaemin 1st exhibition
849,narcisism  photographer jaemin 1st exhibition
850,hey congratulation jaemin first exhibition came god hopefuly wil exhibition country wil surt jaemin ey way photographer jaemin 1st exhibition
851, photographer jaemin 1st exhibition
852,awesome rare item photographer jaemin 1st exhibition
853,help papa sel thing photographer jaemin 1st exhibition
854, already photographer jaemin 1st exhibition
855,decorate many rom acordingly something like wil become favorite corner jaemin jaemin photographer debut photographer team best
856, photographer jaemin 1st exhibition
857,cutest photographer photographer jaemin 1st exhibition
858,jaemin photo exhibition narcisism loking  photobok transfer buy acept transfer cost price please contact nctdream mark renjun jeno haechan jaemin narcisism narcisism photobok special jaemin
859,photographer jaemin 1st exhibition
860,jaemin kon photographer jaemin 1st exhibition
861,photographer jaemin 1st exhibition
862, already talented person photographer jaemin 1st exhibition
863,ed jaemin magazine cried cameraman talented alowing photo member jaemin lens vibe ne sen thank organizing exhibition
864, narcisism photographer jaemin 1st exhibition
865,jaemin photographer debut
866,jaemin talented photographer jaemin 1st exhibition
867,anyone stil acepting  haechan
868,last wek exhibition please make another wek
869,jaemin photographer debut
870,talented person jaemin luv ne regret  photographer jaemin 1st exhibition
871,wts want sel slogan jaemin pink punch 20k negotiable bekasi jabar ina  slogan smothie jaemin wts narcisism
872,photographer jaemin 1st exhibition
873,photographer jaemin 1st exhibition
874, narcisism photographer jaemin 1st exhibition
875,photographer jaemin 1st exhibition
876,talented photographer favorite member let together long time photographer jaemin 1st exhibition
877,photographer jaemin 1st exhibition
878,chers photographer let  jaemin photographer jaemin 1st exhibition
879,let st  photographer jaemin 1st exhibition
880,photographer jaemin 1st exhibition
881,last  want say jaemin god eything thing camp agre fight camp organized exhibition bring various photo member photographer jaemin 1st exhibition
882,photographer jaemin 1st exhibition
883,nong jam handsome cute photographer jaemin 1st exhibition
884,photographer jaemin 1st exhibition
885, eyone wekend forget stop trend  give lot encouragement exhibition owner photographer jaemin 1st exhibition
886,already 16th smart people photographer jaemin 1st exhibition
887,time pased quickly nong jaemin release 2nd hibition photographer jaemin 1st exhibition
888,must definitely col photographer even stil fal hole photographer jaemin 1st exhibition
889,photographer jaemin 1st exhibition
890,litle jaemin talented next time photographer jaemin 1st exhibition
891,photographer jaemin 1st exhibition
892,24071 narcisism jaemin 1st photo exhibition bok signing
893,reply like moment already 16th  exhibition want moment end let trend  photographer jaemin last  event photographer jaemin 1st exhibition
894,afternon checked name yet stil please give one coment time photographer jaemin 1st exhibition
895, carying aditional round magazine 1390 baht per album jaemin shirt taken thailand 1650 baht  thailand jaemin jaemin wts
896,che anyone photographer jaemin 1st exhibition
897, photographer jaemin 1st exhibition
898,16th old person photographer jaemin 1st exhibition
899,fighting old man photographer jaemin 1st exhibition
900, went quickly thinking carefuly ben half month already may to smoth e photographer jaemin 1st exhibition
901, jaemin photographer debut
902,narcisism world tour singare please jaemin please come bring exhibition lot space honestly
903, photographer jaemin 1st exhibition
904,photographer jaemin 1st exhibition
905,divided narcisism jaemin zip hodie set   card 450 including  desit interested inquire
906,came litle late came photographer jaemin 1st exhibition
907,love jaemin much photographer jaemin 1st exhibition
908, jaemin best photographer jaemin 1st exhibition
909,photographer jaemin 1st exhibition
910,photographer jaemin 1st exhibition
911,buter bear shirt cordinates qws tpa want click link s copy code search shope
912, give away pink hat nong jaemin refab  sibling item arived thailand randomly given away photographer jaemin 1st exhibition
913,randomly give away keyring narcisism rule  come surt photographer photographer jaemin 1st exhibition
914,cat people checkint please submit pasrt going checkint otherwise wil arested eaten document used coment like photographer jaemin 1st exhibition
915,order nct jaemin narcisism 1st photo exhibition personal order request kindly bogor ina jastip korea nct dream nana
916, bal cap narcisism pink  opslot wts bal cap narcisism jaemin
917,2nd visit artist jaemin exhibition narcisism realy nice able autograph since dream visit thanks artist jaemin great time wil give 2nd dizy
918,meowing heart photographer jaemin 1st exhibition
919,talented photographer photographer jaemin 1st exhibition
920,khun naughty artist photographer jaemin 1st exhibition
921, photographer jaemin 1st exhibition
922,photographer jaemin 1st exhibition
923,16th sory got adicted game ed late mom photographer jaemin 1st exhibition
924,jaeminbynarcisism photographer jaemin 1st exhibition
925,guy afternon want birth frebies rem narcisism
926,photographer jaemin 1st exhibition
927,smart photographer photographer jaemin 1st exhibition
928, photographer jaemin 1st exhibition
929,
930, final wek exhibition come give lot encouragement talented litle jaemin photographer jaemin 1st exhibition
931,already 16th jaemin god photographer jaemin 1st exhibition
932, jaemin 16 entering last wek work roting photographer ey  thank jaemin eyone always ben dedicated let continue ing jaemin photographer jaemin 1st exhibition
933,please let praise father work photographer jaemin 1st exhibition
934,back jaemin love jaemin ne regreted jaemin care realy put heart ey step even litle detail jaemin ceo role photographer role charming many time wil make fal love
935, wish litle jaemin suces like eything photographer jaemin 1st exhibition
936,st picture often realy like picture litle jaemin truly cute photographer photographer jaemin 1st exhibition
937, may another god  uncle jaemin photographer jaemin 1st exhibition
938,latest update
939,photographer jaemin 1st exhibition
940,photographer jaemin 1st exhibition
941,project leader nim
942, know wil suced whate put heart jaemin photographer debut
943,photographer jaemin 1st exhibition
944,narcisism 16 hey to forget stop give jaemin thumb photographer jaemin 1st exhibition
945,like come thank jane thank helping card deal younger one finaly got time stresed wek wonder get time came luk somjai exhibition love much photographer jaemin 1st exhibition
946,ready ship narcisism jaemin 1st photo exhibition oficial photobok magazine shope
947, narcisism photographer jaemin 1st exhibition
948, photographer jaemin 1st exhibition
949, number always photographer jaemin 1st exhibition
950,haechan narcisism limited edition photobok jaemin photographer debut
951,16 time pased quickly want organize event year long donate money rent place jam photographer jaemin 1st exhibition
952,know recording editing proces narcisism playing macbok loking foe tok first  know like back hapy come back
953,geno renjun
954,geno renjun
955,photographer work could narcisism come wel may another smoth  come send encouragement photographer jaemin 1st exhibition
956, photographer jaemin 1st exhibition
957,artist photographer actor idol photographer jaemin 1st exhibition
958,narcisism hanam artist jaemin first photo exhibition filed afection subject clown come entire time loking moved moved tear remembered time spent laughed spent hour alone thriled moved thank
959,bus energy jamy photographer jaemin 1st exhibition
960,photographer jaemin 1st exhibition
961, photographer jaemin 1st exhibition
962,photographer jaemin 1st exhibition
963,photographer jaemin 1st exhibition
964,helo sun nadung sai clock may to god  bright red color photographer jaemin 1st exhibition
965,photographer jaemin 1st exhibition
966,reply come stop give encouragement talented photographer photographer jaemin 1st exhibition
967,photographer jaemin 1st exhibition
968,photographer jaemin 1st exhibition
969, photographer jaemin 1st exhibition
970,eyone please leave coment like coments jaemin wil get vote photographer jaemin 1st exhibition
971,photographer jaemin 1st exhibition
972,come find
973,d16 jaemin 1st photo hibition narcisism reply  photographer jaemin 1st exhibition
974, check anyone come please retwet please  talented photographer coments enter final wek exhibition fighting photographer jaemin 1st exhibition
975,helo 16th  exhibition please give  litle jaemin hapy sun comfortable body mind photographer jaemin 1st exhibition
976, narcisism jaemin 1st photo exhibition reply photographer jaemin 1st exhibition
977,nong jaemin intends pare event wel photographer jaemin 1st exhibition
978,photographer jaemin 1st exhibition
979,ready send jaemin card zip hodie set narcisism price including 
980,nice smoth  roting ey  photographer jaemin 1st exhibition
981, narcisism photographer jaemin 1st exhibition
982,closed to narcisism jaemin 1st photo exhibition price shown picture detail form closing date lump sum  photobok ster set
983,photographer jaemin 1st exhibition
984, nana photographer jaemin 1st exhibition
985, narcisism photographer jaemin 1st exhibition
986, narcisism photographer jaemin 1st exhibition
987, narcisism photographer jaemin 1st exhibition
988,photographer jaemin 1st exhibition
989, photographer jaemin 1st exhibition
990,photographer jaemin 1st exhibition
991,love sky jaemin person  like curious know anyone ben criticized role photographer must picture came beautiful like meaning coming picture photographer jaemin 1st exhibition
992,let twet twet jaemin to photographer jaemin 1st exhibition
993,nice sun photographer jaemin 1st exhibition
994,god sun morning town photographer jaemin 1st exhibition
995,would like sandwich patongko morning photographer jaemin 1st exhibition
996,anyone front exhibition right left
997,may to god lovely  eyone photographer jaemin 1st exhibition
998, jaemin photographer debut
999,video stil cute photographer jaemin 1st exhibition
1000, would like start to exhibition something god hope eything smothly always roting talented photographer photographer jaemin 1st exhibition
1001,far heard much
1002, narcisism jaemin photographer debut
1003,jaemin photographer jaemin 1st exhibition
1004, photographer jaemin 1st exhibition
1005,16th  exhibition may to smoth filed hapines like ey  jaemin photographer best photographer jaemin 1st exhibition
1006, narcisism photographer jaemin 1st exhibition
1007,photographer jaemin 1st exhibition
1008, jaemin photographer debut
1009, photographer jaemin 1st exhibition
1010,love scenario
1011,handing perfume jaemin made divide botle get scent train  ey  would like check anouncement 16th please remember coment jaemin photographer debut
1012,bal cap narcisism gray  come want oplot sel welcome hmu bal cap jaemin narcisism
1013,tasty handsome rich know use money interested world economy investment photographer singer actor god coking dependable understands fan behaves wel respect others photographer jaemin 1st exhibition
1014,want say realy organized event wel ey picture event god member photo landscape photo eything perfect lighting naration perfect litle jaemin talented
1015,anyone interested exchanging patern ticket jaemin exhibition red entry ticket white entry ticket shown picture anyone interested exchanging please let know get red one ey time enter
1016,god morning sun nadung stoped trend  jaemin lot would like feb  give encouragement talented photographer may to god  eyone always photographer jaemin 1st exhibition
1017,god morning bright sun photographer jaemin 1st exhibition
1018,jaemin exhibition narcisism proxy purchase dalgu narcisism visit eng ful refund sold nct dream nct dream jaemin photo exhibition dalgu mark renjun zeno haechan chenle jisung sale transfer ka hod photobok photocard hibition god pro wts sel
1019, already last wek exhibition invite eyone  admire value talented photographer photographer jaemin 1st exhibition
1020,narcisism jaemin 1st photo exhibition visitor guide notice desit un suces first come first served deadline yes24 global acount required reservation date
1021,nong jaemin great test older brother tesco lotus photographer jaemin 1st exhibition
1022,like jaemin tok photo member next page said making memory emo jaemin photographer debut
1023,past record photographer jaemin 1st exhibition many god thing hapened lucky number wishing whole  smothly carying exhibition arived 13th participating event  wel
1024,godbye 15th owner talented exhibition photographer jaemin 1st exhibition
1025, photographer jaemin 1st exhibition
1026,anyone find ster set mark send
1027,discount website deliy later 3rd  deliy 8th month narcisism jaemin 1st photo exhibition air conditioner cycle s magazine available price shown picture smal piece large piece pls s stock
1028,yoks kere bange jaemi darling love proud uayan photographer jaemin 1st exhibition
1029,discount website deliy later 3rd  deliy 8th month narcisism jaemin 1st photo exhibition around air conditioner jaemin price picture smal piece large piece pls s stock
1030,24071 star ri fancal asked jaemin narcisism talk event god thing time talking fansign realy short talk event time separate could talk like fan lot closer
1031,
1032,hapy finaly jam show
1033,whoe crazy come say godbye 15th tomorow let fight like  emphasis like photographer jaemin 1st exhibition
1034,give away talented photographer give away geno february re rule please alow random distribution people folow rule random  tomorow jaemin photographer debut
1035,expires 15th realy god photographer please take moment  photographer jaemin 1st exhibition
1036,hour  wil  exhibition went smothly right many people waiting give encouragement talented photographer photographer jaemin 1st exhibition
1037,buy web
1038,thank hard work photographer jaemin 1st exhibition
1039,another  pased quickly to exhibition turned realy wel right anyway hope tonight god night jam tomorow let continue sending encouragement jamy photographer jaemin 1st exhibition
1040,talented photographer resting right photographer jaemin 1st exhibition
1041,swet pink girl cute photographer jaemin 1st exhibition
1042,beautiful hodies
1043, project leader photographer photographer jaemin 1st exhibition
1044,bought clear shelf used place litle jaemin felt like viewing rom got gram
1045,nana magazine isue arived photographer jaemin 1st exhibition
1046,let come together  surt photographer sharing picture ing share picture jaemin favorite hair color favorite jaemin hair color photographer jaemin 1st exhibition
1047,slep tight photographer photographer jaemin 1st exhibition
1048,rom surprising favorite rom exhibition gimicks simulation rom like trying photo editor loking detail photo taken enjoyable stay
1049,jaemin smile six teth visible top photographer jaemin 1st exhibition
1050,narcisism jaemin 1st photo exhibition visitor guide notice
1051,pick
1052,reply like photographer jaeminie to oficialy anounced exhibition wil extended also anounced second round event also god round coming show event wel photographer jaemin 1st exhibition
1053,requesting voice jamy nokha celebrate sesame extending time photographer jaemin 1st exhibition
1054, jaemin 20 time fly fast jaemin realy talented jaemin paration various event wel planed glad jaemin able like get god fedback photographer jaemin 1st exhibition
1055,like reply to stoped ask diferent coment let cher photographer jaemin another  hope eyone lovely  photographer jaemin
1056,bost bost energy get  photographer please smart person photographer jaemin
1057, stil proud jaemin first  exhibition anounced to talented person congratulation latest round ticket sale may jaemin eyone love jaemin always god  hapy photographer jaemin
1058, ben thre weks since loked photographer jae min beautiful photo ben  gone without hapy jaemin tok god photo realy god hope eyone work smothly to eyone including jaemin always god  photographer jaemin
1059,let try two style shirt people 160 tal body size actualy tried liked picture coments
1060, come surt photographer end work  one favorite work exhibition jaemin hyung tok photo zhong chenle came handsome standing loking long time fascinated handsome photographer jaemin 1st exhibition
1061,  exhibition give encouragement talented photographer photographer jaemin
1062, event jaemin planed organize wil able beautiful picture cute moment picture thank much jaemin photographer jaemin
1063,  keyring nct nct dream 127 wayv wish price piece separate front co piece   curious talk
1064,narcisism
1065, narcisism photographer jaemin lego photographer jaemin 1st exhibition
1066,nanadongie reply photographer jaemin 1st exhibition
1067,2nd eyone  2nd 7th bos acepted mater photographer jaemin 1st exhibition
1068,narcisism jaemin 1st photo exhibition artist talk bok signing 2nd event notice
1069, narcisism photographer jaemin 1st exhibition
1070,18 exhibition already hope eything wel one  like invite nana baraki  give jaemin encouragement photographer jaemin 1st exhibition
1071,whoe training  jaemin to hope win lotery photographer jaemin 1st exhibition
1072,may to god  eyone photographer jaemin 1st exhibition
1073,d18 jae min photographer god thank much lovely nice person photographer jaemin 1st exhibition
1074,love jaemin proud ey  thank working hard friend love much may jaemin receive lot love photographer jaemin 1st exhibition
1075, may to exhibition smothly god  jaemin photographer jaemin 1st exhibition
1076,god morning eyone to exhibition let focus giving lot love jam may to another god smoth  sending lot encouragement jamy photographer jaemin 1st exhibition
1077,anyone kind jaemin afraid fan able exhibition extended time round end month kindest jaemin photographer jaemin 1st exhibition
1078, jaemin photographer debut
1079, narcisism photographer jaemin 1st exhibition
1080, already morning hapy jamsiler said wil 2  end month photographer truly amazing ned lot encouragement photographer jaemin 1st exhibition
1081,wts release carying right jaemin exhibition shirt jaemin narcisism shirt black 318 including  s shope pick ready send thailand colect destination send right away ned pay money changed adres please evidence ask t takdem
1082, photographer jaemin 1st exhibition
1083, narcisism photographer jaemin 1st exhibition
1084, may eything smothly went wel always photographer amazing person jam god photographer jaemin 1st exhibition
1085,litle jaemin kind exhibition time ben extended end 7th month fan ben yet renting place area expensive made cute best love jam let give jam lot love eyone photographer jaemin 1st exhibition
1086, narcisism photographer jaemin 1st exhibition
1087,anyone going upcoming jaemin exhibition plan 20th afternon 21st morning alone find friend walk also find acomodation
1088, nana photographer jaemin 1st exhibition
1089,god ning mate new  morning clock like usual let start  something god may to god  hapy trend jaemin photographer jaemin 1st exhibition
1090,may to god  jaemin eyone whoe work hope get wet rain whoe study take exam hope hope photographer jaemin 1st exhibition
1091,jaemin 18th exhibition may bright pink tues eyone hope god jaemin eyone forget eat may  get eat lot mineral fod photographer jaemin 1st exhibition
1092, may to smoth received lot love photographer jaemin 1st exhibition
1093,retwet give away badge set prize  narcisism itzavibe close price desit shown picture colect aditional colection total  send back air conditioner boat fre gift ey order
1094,to new line change let give talented jaemin narcisism jaemin
1095,pls kindly  jaemin nana home random retwet set set form aug time  detail 
1096,phrase love shirt relates story artist wil tel also conected exhibition loving love narcisism jaemin
1097,24 found ani search chanel col photographer please give  jaemin narcisism jaemin
1098, please  cat mangosten paw hardest work narcisism jaemin
1099,request retwet  23rd  exhibition col photographer jaemin
1100,
1101,narcisism itzavibe itz colaboration product release mon kst vibe talking beting first exhibition itzavibe brand fre exsion col atitude sound nct jaemin narcisism jaemin release colaboration product ey season various vibe
1102,
1103,let start morning trending  talented photographer weks changed line used trending shown whoe coments  jaemin may to god mon heavy eyone narcisism jaemin
1104, thank nom pang thank nutela thank jam thank eyone helped  narcisism jaemin
1105,rained heavily second time jaemin exhibition tok place maybe inside exhibition hal smeled god cried please stop second time saw even beter thank extension baby
1106,25th may always hapy jaemin narcisism jaemin
1107,reason love much
1108, drop new mesage use 30jul to encourage photographer get  along train round ben released  to strength surt another way narcisism jaemin
1109, thank jaemin always working hard thank caring eyone around ne regreted jaemin cizunie narcisism jaemin
1110,baby narcisism jaemin
1111,mom please train  jami wel cutenes already ben paid back narcisism jaemin
1112, photographer jaemin 1st exhibition
1113, photographer jaemin 1st exhibition
1114, narcisism photographer jaemin
1115, narcisism photographer jaemin 1st exhibition photographer jaemin 1st exhibition photographer jaemin 1st exhibition photographer jaemin 1st exhibition photographer jaemin 1st exhibition
1116, narcisism jaemin photographer debut
1117, narcisism photographer jaemin 1st exhibition
1118,photographer jaemin 1st exhibition
1119, narcisism photographer jaemin 1st exhibition
1120, narcisism photographer jaemin 1st exhibition
1121, photographer jaemin 1st exhibition
1122,starting bright sun morning to 23rd roting talented photographer ey  photographer jaemin
1123,working want diligent father photographer jaemin 1st exhibition
1124,morning 23rd  exhibition best people stil come help train continuously keping balance god realy jaemin work  showing photographer jaemin
1125,morning eyone ready photographer jaemin
1126,work hard photographer jaemin
1127, photographer jaemin 1st exhibition
1128,photographer jaemin 1st exhibition
1129, jaemin photographer debut
1130, photographer jaemin 1st exhibition
1131, london photographer jaemin
1132,hope 4center wil suficiently promote jaemin snackpaper brand skesperson platform twiter weibo job properly treat jaemin beter jaemin photographer debut
1133,photographer jaemin
1134,anybody sen jaemin
1135,know jeno team could easily game skils combined busy laughing cause mark jaemin jisung funy get much fault
1136,
1137,narcisism jaemin hibition two side jkt frebies surt like aciated sept online ofline pack online pack ofline detail information pic gfrom link tba hibition prince
1138,usa pls jaemin narcisism itzavibe pricing deadline july 24th 59pm cst cap joiner
1139,nct frebies fre claim help twet aciated detail frebies ada thread ini nct dream anisary mark birth jaemin birth narcisism thank love
1140,pls pick jaemin narcisism exhibition went round price shown picture colect one round pay ful item returned make aintment pick siam lat phrao make aintment pick get tds3 ster  closing pick time thailand interested
1141,forwarding right narcisism jaemin 1st photo exhibition ster set jeno jeno jaemin jaemin bought store change adres get pair first pay  cost
1142,adition artist actor model photographer exhibition owner also meatbal god narcisism jaemin
1143, picture jaemin tok stil beautiful first  to talented person proud jaemin hope future wil able lot thing like grow hapily jaemin wil always side narcisism jaemin
1144,nana narcisism always nana jaemin
1145,snackpaper jaemin ful trans could describe se life adjective think would shining moment
1146,ina nct dream jaemin itzavibe narcisism hibition god 260k 140k jakarta shope bca dana jenius mandiri qris incl packing close july 27th 4pm est pricelist detail order
1147,randomly give away bok order around event narcisism magazine  583 colect one round fre  desit make aintment pick st ofice interested ordering via product  got item 1th month
1148, wow gakawo narcisism jaemin
1149,7dream ster set
1150,snackpaper jaemin sharing cokies magical type interesting magic believe wil ocur eat wish could ability comunicate cat
1151,way make cat stop angry int retwet int coment  int compliment talented narcisism jaemin
1152, divide ster set haechan picture available picture buy picture get number fre  baht item wil arive 26th haechan haechan
1153, wil final part jaemin exhibition thank extending time many people also round event jaemin talented nadung came help first narcisism jaemin
1154,26 smart guy group nana dunge give encouragement countdown jaemin first exhibition end may many lo lost people team love jam lot narcisism jaemin
1155,snackpaper jaemin one meaning sharing cokies make promise individual break cokie given sharing cokies right would chose break kind promise would like make want
1156,snackpaper jaemin would define ideal future life ideal life scenario living peacefuly hapily family ultimate objective perfect life pursue
1157,slow fast control narcisism jaemin
1158, together narcisism narcisism jaemin
1159,26 narcisism jaemin
1160, narcisism narcisism jaemin
1161,nct dream jaemin narcisism exhibition ticket transfer sel yes24 global ticket yes24 global ticket price refer photo refund case failure ned know company yes24 global yesa wts nct dream jaemin narcisism sel eng reservation
1162, narcisism narcisism jaemin
1163, exhibition 26th may eything smothly throughout  god  narcisism jaemin
1164,d26 may god  uncle jam eyone love jae min back narcisism jaemin
1165, together narcisism narcisism jaemin
1166, narcisism jaemin
1167, narcisism narcisism jaemin
1168, narcisism photographer jaemin 1st exhibition
1169, narcisism jaemin
1170, narcisism photographer jaemin 1st exhibition
1171,  2nd oficial nct jaemin 1st photo exhibiton narcisism handcary cloud dream string back 580k 450k est berat 150gr shirt star cat saying love 675k 50k est berat 30gr hodie love 130 80k est berat 860gr
1172,to god  eyone talented photographer hapy narcisism jaemin
1173,itzavibe mets jaemin nct special colaboration itzavibe colaborates jaemin nct debut photo hibition narcisism jaemin reveals past year observation recording since 2018 always put
1174,nct 2nd event artist talk narcisism jaemin held shila seoul star hotel budget canot caned
1175,second narcisism artist talk jaemin wil held shila seoul guy star hotel col jaemin
1176,narcisism jaemin
1177,special thanks jaemin best photobok e
1178,28th  already let continue surt narcisism jaemin narcisism jaemin
1179, narcisism narcisism jaemin
1180, narcisism photographer jaemin kaja narcisism jaemin
1181,narcisism jaemin 1st photo exhibition
1182,son heaven wil release narcisism photobok magazine  around event volume price baht  colected arives thailand interested pin col come st form
1183,
1184, narcisism narcisism jaemin
1185,sel available individual purchase nct nct 127 127 dream dream photo card ca transfer exchange squeak walk dream show dreamshow photocard mark jeno johny renjun jisung haechan chenle fanmeting narcisism jaemin photobok dcast crew ster smini jaehyum doyoung mark haechan
1186,actualy siling name event 3rd month talk person like take picture edit make picture person love much narcisism great secretly promote work name famous chanels care line haha narcisism jaemin
1187, narcisism narcisism jaemin
1188,wts lfb jaemin narcisism zip hodie set dop prio payo month metup tds3 nct dream mark renjun jeno haechan jaemin chenle jisung
1189,like aciated   jaemin haechan birth kit july aug 2024 pelunasan via detail didalam link walet bri bca medan dek
1190,lok jaemin back sture god
1191,reply  pinky stil standing col jam let come surt talented photographer jaemin one  narcisism jaemin
1192,frebies narcisism set nya cakep banget thankyou surt jaemin narcisism
1193, narcisism jaemin
1194,photographer jaemin 1st exhibition
1195, narcisism narcisism jaemin
1196,exhibition ticket wil released 28th round released longer flying please help find tran store inquire via
1197,god fri morning narcisism jaemin
1198, narcisism reply narcisism jaemin
1199,narcisism jaemin
1200, narcisism jaemin  jaemin
1201, narcisism narcisism jaemin
1202,28 fri talented photographer countdown come may work smothly many people love like may sucesful many ortunities proud jaemin love narcisism jaemin
1203, national fri may eyone smoth  god  narcisism jaemin
1204,exhibition 28th may eything smothly receive lot god love narcisism jaemin
1205, narcisism narcisism jaemin
1206, narcisism narcisism jaemin
1207,28 to want bos smile laugh e god  eything went smothly hope bos wil bright like ey  narcisism jaemin
1208, god morning jaemin narcisism jaemin
1209, narcisism narcisism jaemin
1210, narcisism jaemin photographer debut
1211, narcisism narcisism jaemin
1212,helo exhibition   exhibition wil time pased quickly mater hope to god jaemin eyone forget eat let come busbus send love jaemin narcisism jaemin
1213,drop jaemin  narcisism narcisism jaemin
1214,to mark 30th  narcisism jaemin 1st photo exhibition reply narcisism jaemin
1215,narcisism jaemin 1st photo exhibition
1216,thread adorable markhyuck moment got thanks jaemin narcisism hibition
1217,love jaemin love jaemin love jaemin love jaemin love jaemin love jaemin love jaemin love jaemin love jaemin love jaemin
1218,monthsary narcisism narcisism jaemin
1219,thank snacking comis
1220,finaly uploaded video short tour inside narcisism magazine  jaemin hibition beautiful
1221,narcisism photo exhibit jaemin hapy managed squezed visit despite hectic sched eything worth
1222,want sel wts jaemin narcisism 30k ster mark haechan jeno 90k card co jeno jaemin take 170k clude adm link semarang ina wts lfb nct dream ster card co narcisism merchandise
1223,oshare narcisism jaemin
1224, narcisism narcisism jaemin
1225,kmren hit sign jaemin actor jaemin magazine jaemin solo geting ahead
1226,even last wekend july
1227,
1228,jaemin pride nana dunge nana baraki narcisism jaemin
1229,narcisism jaemin
1230,cry to thirtieth  narcisism narcisism jaemin
1231,honored witnesed pasion hard work loving love brave even sharing moment jaemin photographer debut
1232,narcisism 1st photo exhibition limited edition artwork wil sale info
1233,nct guy narcisism frame wil sold milion wil donationed yaah profit donation buyer jaemin dreamies
1234,narcisism best thing e hapened nanadongie wil fore proud hapy jaemin finaly dream came true love photographer jaemin
1235,sumary cute chonro photo exhibition story cat ear hodie chonro loks like pig ear pig ear lol godnes jaemin cute chonro
1236,like aciate frebies online birth mark jaemin claim please read rule pict link view rilpict nya cek distingan aku ini
1237,narcisism artwork frame thank jaemin
1238,amount jeno photo tiny rom narcisism jaemin
1239,drop  nanadongie narcisism jaemin
1240,narcisism mark haechan jaemin lens
1241,photo hibit beautiful favorite suck coz take photo without glare lol top narcisism jaemin
1242,photographer jaemin thank much sharing youth filed dream narcisism jaemin
1243,drop  narcisism photographer jaemin narcisism jaemin
1244,secured non sold item sold wil isue refund back malaysia
1245,narcisism jaemin 1st photo exhibition artwork limited edition online sale notice
1246,omg emotional narcisism one best thing e hapened nanabaragis boy talented loved proud photographer jaemin narcisism jaemin
1247,last  use  let bost much sible to narcisism jaemin
1248,acording artist wish proceds sale wil donated narcisism jaemin
1249,narcisism photographer jaemin narcisism jaemin
1250,acording artist wish proceds sale wil donated keren banget jaemin narcisism jaemin
1251,drop  narcisism end narcisism jaemin
1252,finaly going jaemin hibit think e make beter late ne
1253,narcisism jaemin
1254, narcisism narcisism jaemin
1255,narcisism jaemin
1256,narcisism jaemin
1257,narcisism jaemin
1258,narcisism jaemin
1259,narcisism jaemin
1260,almost end exhibition wil definitely lot may smothly narcisism jaemin
